datalake,engine,query name,conf,latency,benchmark,sf
iceberg,trino,q1_1,memory.heap-headroom-per-node=18; node-scheduler.max-splits-per-node=100; query.max-memory=32; query.max-memory-per-node=14; query.max-total-memory-per-node=14; task.concurrency=24; task.max-worker-threads=24,2586.89,ssb-flat,1
iceberg,trino,q2_1,memory.heap-headroom-per-node=18; node-scheduler.max-splits-per-node=100; query.max-memory=32; query.max-memory-per-node=14; query.max-total-memory-per-node=14; task.concurrency=24; task.max-worker-threads=24,14118.05,ssb-flat,1
iceberg,trino,q2_2,memory.heap-headroom-per-node=18; node-scheduler.max-splits-per-node=100; query.max-memory=32; query.max-memory-per-node=14; query.max-total-memory-per-node=14; task.concurrency=24; task.max-worker-threads=24,1508.39,ssb-flat,1
iceberg,trino,q2_3,memory.heap-headroom-per-node=18; node-scheduler.max-splits-per-node=100; query.max-memory=32; query.max-memory-per-node=14; query.max-total-memory-per-node=14; task.concurrency=24; task.max-worker-threads=24,9045.04,ssb-flat,1
iceberg,trino,q3_1,memory.heap-headroom-per-node=18; node-scheduler.max-splits-per-node=100; query.max-memory=32; query.max-memory-per-node=14; query.max-total-memory-per-node=14; task.concurrency=24; task.max-worker-threads=24,10113.23,ssb-flat,1
iceberg,trino,q3_2,memory.heap-headroom-per-node=18; node-scheduler.max-splits-per-node=100; query.max-memory=32; query.max-memory-per-node=14; query.max-total-memory-per-node=14; task.concurrency=24; task.max-worker-threads=24,2261.35,ssb-flat,1
iceberg,trino,q4_1,memory.heap-headroom-per-node=18; node-scheduler.max-splits-per-node=100; query.max-memory=32; query.max-memory-per-node=14; query.max-total-memory-per-node=14; task.concurrency=24; task.max-worker-threads=24,9432.63,ssb-flat,1
iceberg,trino,q1_1,memory.heap-headroom-per-node=20; node-scheduler.max-splits-per-node=200; query.max-memory=28; query.max-memory-per-node=16; query.max-total-memory-per-node=14; task.concurrency=24; task.max-worker-threads=16,3629.69,ssb-flat,1
iceberg,trino,q2_1,memory.heap-headroom-per-node=20; node-scheduler.max-splits-per-node=200; query.max-memory=28; query.max-memory-per-node=16; query.max-total-memory-per-node=14; task.concurrency=24; task.max-worker-threads=16,4318.71,ssb-flat,1
iceberg,trino,q2_2,memory.heap-headroom-per-node=20; node-scheduler.max-splits-per-node=200; query.max-memory=28; query.max-memory-per-node=16; query.max-total-memory-per-node=14; task.concurrency=24; task.max-worker-threads=16,2121.38,ssb-flat,1
iceberg,trino,q2_3,memory.heap-headroom-per-node=20; node-scheduler.max-splits-per-node=200; query.max-memory=28; query.max-memory-per-node=16; query.max-total-memory-per-node=14; task.concurrency=24; task.max-worker-threads=16,2545.76,ssb-flat,1
iceberg,trino,q3_1,memory.heap-headroom-per-node=20; node-scheduler.max-splits-per-node=200; query.max-memory=28; query.max-memory-per-node=16; query.max-total-memory-per-node=14; task.concurrency=24; task.max-worker-threads=16,3991.91,ssb-flat,1
iceberg,trino,q3_2,memory.heap-headroom-per-node=20; node-scheduler.max-splits-per-node=200; query.max-memory=28; query.max-memory-per-node=16; query.max-total-memory-per-node=14; task.concurrency=24; task.max-worker-threads=16,4925.13,ssb-flat,1
iceberg,trino,q4_1,memory.heap-headroom-per-node=20; node-scheduler.max-splits-per-node=200; query.max-memory=28; query.max-memory-per-node=16; query.max-total-memory-per-node=14; task.concurrency=24; task.max-worker-threads=16,6669.49,ssb-flat,1
iceberg,trino,q1_1,memory.heap-headroom-per-node=16; node-scheduler.max-splits-per-node=100; query.max-memory=24; query.max-memory-per-node=14; query.max-total-memory-per-node=16; task.concurrency=48; task.max-worker-threads=16,5989.09,ssb-flat,1
iceberg,trino,q2_1,memory.heap-headroom-per-node=16; node-scheduler.max-splits-per-node=100; query.max-memory=24; query.max-memory-per-node=14; query.max-total-memory-per-node=16; task.concurrency=48; task.max-worker-threads=16,8495.92,ssb-flat,1
iceberg,trino,q2_2,memory.heap-headroom-per-node=16; node-scheduler.max-splits-per-node=100; query.max-memory=24; query.max-memory-per-node=14; query.max-total-memory-per-node=16; task.concurrency=48; task.max-worker-threads=16,7810.11,ssb-flat,1
iceberg,trino,q2_3,memory.heap-headroom-per-node=16; node-scheduler.max-splits-per-node=100; query.max-memory=24; query.max-memory-per-node=14; query.max-total-memory-per-node=16; task.concurrency=48; task.max-worker-threads=16,1508.39,ssb-flat,1
iceberg,trino,q3_1,memory.heap-headroom-per-node=16; node-scheduler.max-splits-per-node=100; query.max-memory=24; query.max-memory-per-node=14; query.max-total-memory-per-node=16; task.concurrency=48; task.max-worker-threads=16,1933.98,ssb-flat,1
iceberg,trino,q3_2,memory.heap-headroom-per-node=16; node-scheduler.max-splits-per-node=100; query.max-memory=24; query.max-memory-per-node=14; query.max-total-memory-per-node=16; task.concurrency=48; task.max-worker-threads=16,7091.94,ssb-flat,1
iceberg,trino,q4_1,memory.heap-headroom-per-node=16; node-scheduler.max-splits-per-node=100; query.max-memory=24; query.max-memory-per-node=14; query.max-total-memory-per-node=16; task.concurrency=48; task.max-worker-threads=16,1508.39,ssb-flat,1
iceberg,trino,q1_1,memory.heap-headroom-per-node=20; node-scheduler.max-splits-per-node=256; query.max-memory=20; query.max-memory-per-node=16; query.max-total-memory-per-node=20; task.concurrency=48; task.max-worker-threads=16,12467.95,ssb-flat,1
iceberg,trino,q2_1,memory.heap-headroom-per-node=20; node-scheduler.max-splits-per-node=256; query.max-memory=20; query.max-memory-per-node=16; query.max-total-memory-per-node=20; task.concurrency=48; task.max-worker-threads=16,1840.59,ssb-flat,1
iceberg,trino,q2_2,memory.heap-headroom-per-node=20; node-scheduler.max-splits-per-node=256; query.max-memory=20; query.max-memory-per-node=16; query.max-total-memory-per-node=20; task.concurrency=48; task.max-worker-threads=16,10609.16,ssb-flat,1
iceberg,trino,q2_3,memory.heap-headroom-per-node=20; node-scheduler.max-splits-per-node=256; query.max-memory=20; query.max-memory-per-node=16; query.max-total-memory-per-node=20; task.concurrency=48; task.max-worker-threads=16,1508.39,ssb-flat,1
iceberg,trino,q3_1,memory.heap-headroom-per-node=20; node-scheduler.max-splits-per-node=256; query.max-memory=20; query.max-memory-per-node=16; query.max-total-memory-per-node=20; task.concurrency=48; task.max-worker-threads=16,1508.39,ssb-flat,1
iceberg,trino,q3_2,memory.heap-headroom-per-node=20; node-scheduler.max-splits-per-node=256; query.max-memory=20; query.max-memory-per-node=16; query.max-total-memory-per-node=20; task.concurrency=48; task.max-worker-threads=16,3848.99,ssb-flat,1
iceberg,trino,q4_1,memory.heap-headroom-per-node=20; node-scheduler.max-splits-per-node=256; query.max-memory=20; query.max-memory-per-node=16; query.max-total-memory-per-node=20; task.concurrency=48; task.max-worker-threads=16,1508.39,ssb-flat,1
iceberg,trino,q1_1,memory.heap-headroom-per-node=20; node-scheduler.max-splits-per-node=256; query.max-memory=28; query.max-memory-per-node=14; query.max-total-memory-per-node=20; task.concurrency=24; task.max-worker-threads=16,5320.25,ssb-flat,1
iceberg,trino,q2_1,memory.heap-headroom-per-node=20; node-scheduler.max-splits-per-node=256; query.max-memory=28; query.max-memory-per-node=14; query.max-total-memory-per-node=20; task.concurrency=24; task.max-worker-threads=16,14192.62,ssb-flat,1
iceberg,trino,q2_2,memory.heap-headroom-per-node=20; node-scheduler.max-splits-per-node=256; query.max-memory=28; query.max-memory-per-node=14; query.max-total-memory-per-node=20; task.concurrency=24; task.max-worker-threads=16,9780.59,ssb-flat,1
iceberg,trino,q2_3,memory.heap-headroom-per-node=20; node-scheduler.max-splits-per-node=256; query.max-memory=28; query.max-memory-per-node=14; query.max-total-memory-per-node=20; task.concurrency=24; task.max-worker-threads=16,3895.14,ssb-flat,1
iceberg,trino,q3_1,memory.heap-headroom-per-node=20; node-scheduler.max-splits-per-node=256; query.max-memory=28; query.max-memory-per-node=14; query.max-total-memory-per-node=20; task.concurrency=24; task.max-worker-threads=16,5997.58,ssb-flat,1
iceberg,trino,q3_2,memory.heap-headroom-per-node=20; node-scheduler.max-splits-per-node=256; query.max-memory=28; query.max-memory-per-node=14; query.max-total-memory-per-node=20; task.concurrency=24; task.max-worker-threads=16,1988.36,ssb-flat,1
iceberg,trino,q4_1,memory.heap-headroom-per-node=20; node-scheduler.max-splits-per-node=256; query.max-memory=28; query.max-memory-per-node=14; query.max-total-memory-per-node=20; task.concurrency=24; task.max-worker-threads=16,2516.12,ssb-flat,1
iceberg,trino,q1_1,memory.heap-headroom-per-node=18; node-scheduler.max-splits-per-node=100; query.max-memory=28; query.max-memory-per-node=18; query.max-total-memory-per-node=18; task.concurrency=32; task.max-worker-threads=24,3907.83,ssb-flat,1
iceberg,trino,q2_1,memory.heap-headroom-per-node=18; node-scheduler.max-splits-per-node=100; query.max-memory=28; query.max-memory-per-node=18; query.max-total-memory-per-node=18; task.concurrency=32; task.max-worker-threads=24,13192.6,ssb-flat,1
iceberg,trino,q2_2,memory.heap-headroom-per-node=18; node-scheduler.max-splits-per-node=100; query.max-memory=28; query.max-memory-per-node=18; query.max-total-memory-per-node=18; task.concurrency=32; task.max-worker-threads=24,3329.4,ssb-flat,1
iceberg,trino,q2_3,memory.heap-headroom-per-node=18; node-scheduler.max-splits-per-node=100; query.max-memory=28; query.max-memory-per-node=18; query.max-total-memory-per-node=18; task.concurrency=32; task.max-worker-threads=24,1508.39,ssb-flat,1
iceberg,trino,q3_1,memory.heap-headroom-per-node=18; node-scheduler.max-splits-per-node=100; query.max-memory=28; query.max-memory-per-node=18; query.max-total-memory-per-node=18; task.concurrency=32; task.max-worker-threads=24,3391.13,ssb-flat,1
iceberg,trino,q3_2,memory.heap-headroom-per-node=18; node-scheduler.max-splits-per-node=100; query.max-memory=28; query.max-memory-per-node=18; query.max-total-memory-per-node=18; task.concurrency=32; task.max-worker-threads=24,9536.85,ssb-flat,1
iceberg,trino,q4_1,memory.heap-headroom-per-node=18; node-scheduler.max-splits-per-node=100; query.max-memory=28; query.max-memory-per-node=18; query.max-total-memory-per-node=18; task.concurrency=32; task.max-worker-threads=24,3260.75,ssb-flat,1
iceberg,trino,q1_1,memory.heap-headroom-per-node=18; node-scheduler.max-splits-per-node=100; query.max-memory=16; query.max-memory-per-node=14; query.max-total-memory-per-node=18; task.concurrency=16; task.max-worker-threads=32,1899.06,ssb-flat,1
iceberg,trino,q2_1,memory.heap-headroom-per-node=18; node-scheduler.max-splits-per-node=100; query.max-memory=16; query.max-memory-per-node=14; query.max-total-memory-per-node=18; task.concurrency=16; task.max-worker-threads=32,3317.46,ssb-flat,1
iceberg,trino,q2_2,memory.heap-headroom-per-node=18; node-scheduler.max-splits-per-node=100; query.max-memory=16; query.max-memory-per-node=14; query.max-total-memory-per-node=18; task.concurrency=16; task.max-worker-threads=32,3553.79,ssb-flat,1
iceberg,trino,q2_3,memory.heap-headroom-per-node=18; node-scheduler.max-splits-per-node=100; query.max-memory=16; query.max-memory-per-node=14; query.max-total-memory-per-node=18; task.concurrency=16; task.max-worker-threads=32,9267.41,ssb-flat,1
iceberg,trino,q3_1,memory.heap-headroom-per-node=18; node-scheduler.max-splits-per-node=100; query.max-memory=16; query.max-memory-per-node=14; query.max-total-memory-per-node=18; task.concurrency=16; task.max-worker-threads=32,3109.39,ssb-flat,1
iceberg,trino,q3_2,memory.heap-headroom-per-node=18; node-scheduler.max-splits-per-node=100; query.max-memory=16; query.max-memory-per-node=14; query.max-total-memory-per-node=18; task.concurrency=16; task.max-worker-threads=32,1508.39,ssb-flat,1
iceberg,trino,q4_1,memory.heap-headroom-per-node=18; node-scheduler.max-splits-per-node=100; query.max-memory=16; query.max-memory-per-node=14; query.max-total-memory-per-node=18; task.concurrency=16; task.max-worker-threads=32,2400.28,ssb-flat,1
iceberg,trino,q1_1,memory.heap-headroom-per-node=20; node-scheduler.max-splits-per-node=256; query.max-memory=24; query.max-memory-per-node=14; query.max-total-memory-per-node=16; task.concurrency=48; task.max-worker-threads=32,3431.9,ssb-flat,1
iceberg,trino,q2_1,memory.heap-headroom-per-node=20; node-scheduler.max-splits-per-node=256; query.max-memory=24; query.max-memory-per-node=14; query.max-total-memory-per-node=16; task.concurrency=48; task.max-worker-threads=32,3752.18,ssb-flat,1
iceberg,trino,q2_2,memory.heap-headroom-per-node=20; node-scheduler.max-splits-per-node=256; query.max-memory=24; query.max-memory-per-node=14; query.max-total-memory-per-node=16; task.concurrency=48; task.max-worker-threads=32,1508.39,ssb-flat,1
iceberg,trino,q2_3,memory.heap-headroom-per-node=20; node-scheduler.max-splits-per-node=256; query.max-memory=24; query.max-memory-per-node=14; query.max-total-memory-per-node=16; task.concurrency=48; task.max-worker-threads=32,3601.08,ssb-flat,1
iceberg,trino,q3_1,memory.heap-headroom-per-node=20; node-scheduler.max-splits-per-node=256; query.max-memory=24; query.max-memory-per-node=14; query.max-total-memory-per-node=16; task.concurrency=48; task.max-worker-threads=32,6101.03,ssb-flat,1
iceberg,trino,q3_2,memory.heap-headroom-per-node=20; node-scheduler.max-splits-per-node=256; query.max-memory=24; query.max-memory-per-node=14; query.max-total-memory-per-node=16; task.concurrency=48; task.max-worker-threads=32,5327.0,ssb-flat,1
iceberg,trino,q4_1,memory.heap-headroom-per-node=20; node-scheduler.max-splits-per-node=256; query.max-memory=24; query.max-memory-per-node=14; query.max-total-memory-per-node=16; task.concurrency=48; task.max-worker-threads=32,9854.51,ssb-flat,1
iceberg,trino,q1_1,memory.heap-headroom-per-node=14; node-scheduler.max-splits-per-node=150; query.max-memory=24; query.max-memory-per-node=16; query.max-total-memory-per-node=16; task.concurrency=48; task.max-worker-threads=32,7521.03,ssb-flat,1
iceberg,trino,q2_1,memory.heap-headroom-per-node=14; node-scheduler.max-splits-per-node=150; query.max-memory=24; query.max-memory-per-node=16; query.max-total-memory-per-node=16; task.concurrency=48; task.max-worker-threads=32,4221.16,ssb-flat,1
iceberg,trino,q2_2,memory.heap-headroom-per-node=14; node-scheduler.max-splits-per-node=150; query.max-memory=24; query.max-memory-per-node=16; query.max-total-memory-per-node=16; task.concurrency=48; task.max-worker-threads=32,6376.69,ssb-flat,1
iceberg,trino,q2_3,memory.heap-headroom-per-node=14; node-scheduler.max-splits-per-node=150; query.max-memory=24; query.max-memory-per-node=16; query.max-total-memory-per-node=16; task.concurrency=48; task.max-worker-threads=32,3004.8,ssb-flat,1
iceberg,trino,q3_1,memory.heap-headroom-per-node=14; node-scheduler.max-splits-per-node=150; query.max-memory=24; query.max-memory-per-node=16; query.max-total-memory-per-node=16; task.concurrency=48; task.max-worker-threads=32,2356.03,ssb-flat,1
iceberg,trino,q3_2,memory.heap-headroom-per-node=14; node-scheduler.max-splits-per-node=150; query.max-memory=24; query.max-memory-per-node=16; query.max-total-memory-per-node=16; task.concurrency=48; task.max-worker-threads=32,2466.65,ssb-flat,1
iceberg,trino,q4_1,memory.heap-headroom-per-node=14; node-scheduler.max-splits-per-node=150; query.max-memory=24; query.max-memory-per-node=16; query.max-total-memory-per-node=16; task.concurrency=48; task.max-worker-threads=32,1900.24,ssb-flat,1
iceberg,trino,q1_1,memory.heap-headroom-per-node=18; node-scheduler.max-splits-per-node=200; query.max-memory=24; query.max-memory-per-node=20; query.max-total-memory-per-node=20; task.concurrency=24; task.max-worker-threads=48,6915.33,ssb-flat,1
iceberg,trino,q2_1,memory.heap-headroom-per-node=18; node-scheduler.max-splits-per-node=200; query.max-memory=24; query.max-memory-per-node=20; query.max-total-memory-per-node=20; task.concurrency=24; task.max-worker-threads=48,2362.16,ssb-flat,1
iceberg,trino,q2_2,memory.heap-headroom-per-node=18; node-scheduler.max-splits-per-node=200; query.max-memory=24; query.max-memory-per-node=20; query.max-total-memory-per-node=20; task.concurrency=24; task.max-worker-threads=48,3685.66,ssb-flat,1
iceberg,trino,q2_3,memory.heap-headroom-per-node=18; node-scheduler.max-splits-per-node=200; query.max-memory=24; query.max-memory-per-node=20; query.max-total-memory-per-node=20; task.concurrency=24; task.max-worker-threads=48,5214.02,ssb-flat,1
iceberg,trino,q3_1,memory.heap-headroom-per-node=18; node-scheduler.max-splits-per-node=200; query.max-memory=24; query.max-memory-per-node=20; query.max-total-memory-per-node=20; task.concurrency=24; task.max-worker-threads=48,3007.72,ssb-flat,1
iceberg,trino,q3_2,memory.heap-headroom-per-node=18; node-scheduler.max-splits-per-node=200; query.max-memory=24; query.max-memory-per-node=20; query.max-total-memory-per-node=20; task.concurrency=24; task.max-worker-threads=48,2315.21,ssb-flat,1
iceberg,trino,q4_1,memory.heap-headroom-per-node=18; node-scheduler.max-splits-per-node=200; query.max-memory=24; query.max-memory-per-node=20; query.max-total-memory-per-node=20; task.concurrency=24; task.max-worker-threads=48,3892.18,ssb-flat,1
iceberg,trino,q1_1,memory.heap-headroom-per-node=20; node-scheduler.max-splits-per-node=100; query.max-memory=20; query.max-memory-per-node=16; query.max-total-memory-per-node=20; task.concurrency=48; task.max-worker-threads=24,5229.2,ssb-flat,1
iceberg,trino,q2_1,memory.heap-headroom-per-node=20; node-scheduler.max-splits-per-node=100; query.max-memory=20; query.max-memory-per-node=16; query.max-total-memory-per-node=20; task.concurrency=48; task.max-worker-threads=24,3142.82,ssb-flat,1
iceberg,trino,q2_2,memory.heap-headroom-per-node=20; node-scheduler.max-splits-per-node=100; query.max-memory=20; query.max-memory-per-node=16; query.max-total-memory-per-node=20; task.concurrency=48; task.max-worker-threads=24,2967.77,ssb-flat,1
iceberg,trino,q2_3,memory.heap-headroom-per-node=20; node-scheduler.max-splits-per-node=100; query.max-memory=20; query.max-memory-per-node=16; query.max-total-memory-per-node=20; task.concurrency=48; task.max-worker-threads=24,1508.39,ssb-flat,1
iceberg,trino,q3_1,memory.heap-headroom-per-node=20; node-scheduler.max-splits-per-node=100; query.max-memory=20; query.max-memory-per-node=16; query.max-total-memory-per-node=20; task.concurrency=48; task.max-worker-threads=24,2837.7,ssb-flat,1
iceberg,trino,q3_2,memory.heap-headroom-per-node=20; node-scheduler.max-splits-per-node=100; query.max-memory=20; query.max-memory-per-node=16; query.max-total-memory-per-node=20; task.concurrency=48; task.max-worker-threads=24,6297.18,ssb-flat,1
iceberg,trino,q4_1,memory.heap-headroom-per-node=20; node-scheduler.max-splits-per-node=100; query.max-memory=20; query.max-memory-per-node=16; query.max-total-memory-per-node=20; task.concurrency=48; task.max-worker-threads=24,3841.61,ssb-flat,1
iceberg,trino,q1_1,memory.heap-headroom-per-node=14; node-scheduler.max-splits-per-node=200; query.max-memory=32; query.max-memory-per-node=18; query.max-total-memory-per-node=18; task.concurrency=24; task.max-worker-threads=48,10729.83,ssb-flat,1
iceberg,trino,q2_1,memory.heap-headroom-per-node=14; node-scheduler.max-splits-per-node=200; query.max-memory=32; query.max-memory-per-node=18; query.max-total-memory-per-node=18; task.concurrency=24; task.max-worker-threads=48,14357.49,ssb-flat,1
iceberg,trino,q2_2,memory.heap-headroom-per-node=14; node-scheduler.max-splits-per-node=200; query.max-memory=32; query.max-memory-per-node=18; query.max-total-memory-per-node=18; task.concurrency=24; task.max-worker-threads=48,10859.84,ssb-flat,1
iceberg,trino,q2_3,memory.heap-headroom-per-node=14; node-scheduler.max-splits-per-node=200; query.max-memory=32; query.max-memory-per-node=18; query.max-total-memory-per-node=18; task.concurrency=24; task.max-worker-threads=48,2270.96,ssb-flat,1
iceberg,trino,q3_1,memory.heap-headroom-per-node=14; node-scheduler.max-splits-per-node=200; query.max-memory=32; query.max-memory-per-node=18; query.max-total-memory-per-node=18; task.concurrency=24; task.max-worker-threads=48,2286.36,ssb-flat,1
iceberg,trino,q3_2,memory.heap-headroom-per-node=14; node-scheduler.max-splits-per-node=200; query.max-memory=32; query.max-memory-per-node=18; query.max-total-memory-per-node=18; task.concurrency=24; task.max-worker-threads=48,1599.85,ssb-flat,1
iceberg,trino,q4_1,memory.heap-headroom-per-node=14; node-scheduler.max-splits-per-node=200; query.max-memory=32; query.max-memory-per-node=18; query.max-total-memory-per-node=18; task.concurrency=24; task.max-worker-threads=48,1508.39,ssb-flat,1
iceberg,trino,q1_1,memory.heap-headroom-per-node=14; node-scheduler.max-splits-per-node=200; query.max-memory=24; query.max-memory-per-node=18; query.max-total-memory-per-node=14; task.concurrency=16; task.max-worker-threads=32,7393.36,ssb-flat,1
iceberg,trino,q2_1,memory.heap-headroom-per-node=14; node-scheduler.max-splits-per-node=200; query.max-memory=24; query.max-memory-per-node=18; query.max-total-memory-per-node=14; task.concurrency=16; task.max-worker-threads=32,13784.87,ssb-flat,1
iceberg,trino,q2_2,memory.heap-headroom-per-node=14; node-scheduler.max-splits-per-node=200; query.max-memory=24; query.max-memory-per-node=18; query.max-total-memory-per-node=14; task.concurrency=16; task.max-worker-threads=32,3517.78,ssb-flat,1
iceberg,trino,q2_3,memory.heap-headroom-per-node=14; node-scheduler.max-splits-per-node=200; query.max-memory=24; query.max-memory-per-node=18; query.max-total-memory-per-node=14; task.concurrency=16; task.max-worker-threads=32,2079.33,ssb-flat,1
iceberg,trino,q3_1,memory.heap-headroom-per-node=14; node-scheduler.max-splits-per-node=200; query.max-memory=24; query.max-memory-per-node=18; query.max-total-memory-per-node=14; task.concurrency=16; task.max-worker-threads=32,5122.33,ssb-flat,1
iceberg,trino,q3_2,memory.heap-headroom-per-node=14; node-scheduler.max-splits-per-node=200; query.max-memory=24; query.max-memory-per-node=18; query.max-total-memory-per-node=14; task.concurrency=16; task.max-worker-threads=32,5100.33,ssb-flat,1
iceberg,trino,q4_1,memory.heap-headroom-per-node=14; node-scheduler.max-splits-per-node=200; query.max-memory=24; query.max-memory-per-node=18; query.max-total-memory-per-node=14; task.concurrency=16; task.max-worker-threads=32,6811.31,ssb-flat,1
iceberg,trino,q1_1,memory.heap-headroom-per-node=20; node-scheduler.max-splits-per-node=100; query.max-memory=20; query.max-memory-per-node=18; query.max-total-memory-per-node=16; task.concurrency=16; task.max-worker-threads=16,3576.51,ssb-flat,1
iceberg,trino,q2_1,memory.heap-headroom-per-node=20; node-scheduler.max-splits-per-node=100; query.max-memory=20; query.max-memory-per-node=18; query.max-total-memory-per-node=16; task.concurrency=16; task.max-worker-threads=16,14235.34,ssb-flat,1
iceberg,trino,q2_2,memory.heap-headroom-per-node=20; node-scheduler.max-splits-per-node=100; query.max-memory=20; query.max-memory-per-node=18; query.max-total-memory-per-node=16; task.concurrency=16; task.max-worker-threads=16,5678.34,ssb-flat,1
iceberg,trino,q2_3,memory.heap-headroom-per-node=20; node-scheduler.max-splits-per-node=100; query.max-memory=20; query.max-memory-per-node=18; query.max-total-memory-per-node=16; task.concurrency=16; task.max-worker-threads=16,6379.24,ssb-flat,1
iceberg,trino,q3_1,memory.heap-headroom-per-node=20; node-scheduler.max-splits-per-node=100; query.max-memory=20; query.max-memory-per-node=18; query.max-total-memory-per-node=16; task.concurrency=16; task.max-worker-threads=16,3937.19,ssb-flat,1
iceberg,trino,q3_2,memory.heap-headroom-per-node=20; node-scheduler.max-splits-per-node=100; query.max-memory=20; query.max-memory-per-node=18; query.max-total-memory-per-node=16; task.concurrency=16; task.max-worker-threads=16,1525.45,ssb-flat,1
iceberg,trino,q4_1,memory.heap-headroom-per-node=20; node-scheduler.max-splits-per-node=100; query.max-memory=20; query.max-memory-per-node=18; query.max-total-memory-per-node=16; task.concurrency=16; task.max-worker-threads=16,2454.97,ssb-flat,1
iceberg,trino,q1_1,memory.heap-headroom-per-node=20; node-scheduler.max-splits-per-node=100; query.max-memory=16; query.max-memory-per-node=16; query.max-total-memory-per-node=20; task.concurrency=32; task.max-worker-threads=32,1714.66,ssb-flat,1
iceberg,trino,q2_1,memory.heap-headroom-per-node=20; node-scheduler.max-splits-per-node=100; query.max-memory=16; query.max-memory-per-node=16; query.max-total-memory-per-node=20; task.concurrency=32; task.max-worker-threads=32,1859.24,ssb-flat,1
iceberg,trino,q2_2,memory.heap-headroom-per-node=20; node-scheduler.max-splits-per-node=100; query.max-memory=16; query.max-memory-per-node=16; query.max-total-memory-per-node=20; task.concurrency=32; task.max-worker-threads=32,1508.39,ssb-flat,1
iceberg,trino,q2_3,memory.heap-headroom-per-node=20; node-scheduler.max-splits-per-node=100; query.max-memory=16; query.max-memory-per-node=16; query.max-total-memory-per-node=20; task.concurrency=32; task.max-worker-threads=32,9736.24,ssb-flat,1
iceberg,trino,q3_1,memory.heap-headroom-per-node=20; node-scheduler.max-splits-per-node=100; query.max-memory=16; query.max-memory-per-node=16; query.max-total-memory-per-node=20; task.concurrency=32; task.max-worker-threads=32,4041.42,ssb-flat,1
iceberg,trino,q3_2,memory.heap-headroom-per-node=20; node-scheduler.max-splits-per-node=100; query.max-memory=16; query.max-memory-per-node=16; query.max-total-memory-per-node=20; task.concurrency=32; task.max-worker-threads=32,1683.38,ssb-flat,1
iceberg,trino,q4_1,memory.heap-headroom-per-node=20; node-scheduler.max-splits-per-node=100; query.max-memory=16; query.max-memory-per-node=16; query.max-total-memory-per-node=20; task.concurrency=32; task.max-worker-threads=32,6718.98,ssb-flat,1
iceberg,trino,q1_1,memory.heap-headroom-per-node=16; node-scheduler.max-splits-per-node=200; query.max-memory=28; query.max-memory-per-node=16; query.max-total-memory-per-node=12; task.concurrency=12; task.max-worker-threads=24,1749.52,ssb-flat,1
iceberg,trino,q1_2,memory.heap-headroom-per-node=16; node-scheduler.max-splits-per-node=200; query.max-memory=28; query.max-memory-per-node=16; query.max-total-memory-per-node=12; task.concurrency=12; task.max-worker-threads=24,1779.44,ssb-flat,1
iceberg,trino,q1_3,memory.heap-headroom-per-node=16; node-scheduler.max-splits-per-node=200; query.max-memory=28; query.max-memory-per-node=16; query.max-total-memory-per-node=12; task.concurrency=12; task.max-worker-threads=24,1774.90,ssb-flat,1
iceberg,trino,q2_1,memory.heap-headroom-per-node=16; node-scheduler.max-splits-per-node=200; query.max-memory=28; query.max-memory-per-node=16; query.max-total-memory-per-node=12; task.concurrency=12; task.max-worker-threads=24,1756.01,ssb-flat,1
iceberg,trino,q2_2,memory.heap-headroom-per-node=16; node-scheduler.max-splits-per-node=200; query.max-memory=28; query.max-memory-per-node=16; query.max-total-memory-per-node=12; task.concurrency=12; task.max-worker-threads=24,2058.24,ssb-flat,1
iceberg,trino,q2_3,memory.heap-headroom-per-node=16; node-scheduler.max-splits-per-node=200; query.max-memory=28; query.max-memory-per-node=16; query.max-total-memory-per-node=12; task.concurrency=12; task.max-worker-threads=24,1801.61,ssb-flat,1
iceberg,trino,q3_1,memory.heap-headroom-per-node=16; node-scheduler.max-splits-per-node=200; query.max-memory=28; query.max-memory-per-node=16; query.max-total-memory-per-node=12; task.concurrency=12; task.max-worker-threads=24,1906.80,ssb-flat,1
iceberg,trino,q3_2,memory.heap-headroom-per-node=16; node-scheduler.max-splits-per-node=200; query.max-memory=28; query.max-memory-per-node=16; query.max-total-memory-per-node=12; task.concurrency=12; task.max-worker-threads=24,2008.91,ssb-flat,1
iceberg,trino,q3_3,memory.heap-headroom-per-node=16; node-scheduler.max-splits-per-node=200; query.max-memory=28; query.max-memory-per-node=16; query.max-total-memory-per-node=12; task.concurrency=12; task.max-worker-threads=24,2053.31,ssb-flat,1
iceberg,trino,q3_4,memory.heap-headroom-per-node=16; node-scheduler.max-splits-per-node=200; query.max-memory=28; query.max-memory-per-node=16; query.max-total-memory-per-node=12; task.concurrency=12; task.max-worker-threads=24,1671.60,ssb-flat,1
iceberg,trino,q4_1,memory.heap-headroom-per-node=16; node-scheduler.max-splits-per-node=200; query.max-memory=28; query.max-memory-per-node=16; query.max-total-memory-per-node=12; task.concurrency=12; task.max-worker-threads=24,1955.31,ssb-flat,1
iceberg,trino,q4_2,memory.heap-headroom-per-node=16; node-scheduler.max-splits-per-node=200; query.max-memory=28; query.max-memory-per-node=16; query.max-total-memory-per-node=12; task.concurrency=12; task.max-worker-threads=24,1896.06,ssb-flat,1
iceberg,trino,q4_3,memory.heap-headroom-per-node=16; node-scheduler.max-splits-per-node=200; query.max-memory=28; query.max-memory-per-node=16; query.max-total-memory-per-node=12; task.concurrency=12; task.max-worker-threads=24,1879.80,ssb-flat,1
iceberg,trino,q2_1,memory.heap-headroom-per-node=18; node-scheduler.max-splits-per-node=256; query.max-memory=32; query.max-memory-per-node=18; query.max-total-memory-per-node=14; task.concurrency=16; task.max-worker-threads=32,5143.0,ssb-flat,1
iceberg,trino,q2_2,memory.heap-headroom-per-node=18; node-scheduler.max-splits-per-node=256; query.max-memory=32; query.max-memory-per-node=18; query.max-total-memory-per-node=14; task.concurrency=16; task.max-worker-threads=32,1662.97,ssb-flat,1
iceberg,trino,q2_3,memory.heap-headroom-per-node=18; node-scheduler.max-splits-per-node=256; query.max-memory=32; query.max-memory-per-node=18; query.max-total-memory-per-node=14; task.concurrency=16; task.max-worker-threads=32,3329.62,ssb-flat,1
iceberg,trino,q3_1,memory.heap-headroom-per-node=18; node-scheduler.max-splits-per-node=256; query.max-memory=32; query.max-memory-per-node=18; query.max-total-memory-per-node=14; task.concurrency=16; task.max-worker-threads=32,5658.26,ssb-flat,1
iceberg,trino,q3_2,memory.heap-headroom-per-node=18; node-scheduler.max-splits-per-node=256; query.max-memory=32; query.max-memory-per-node=18; query.max-total-memory-per-node=14; task.concurrency=16; task.max-worker-threads=32,5789.73,ssb-flat,1
iceberg,trino,q4_1,memory.heap-headroom-per-node=18; node-scheduler.max-splits-per-node=256; query.max-memory=32; query.max-memory-per-node=18; query.max-total-memory-per-node=14; task.concurrency=16; task.max-worker-threads=32,6227.81,ssb-flat,1
iceberg,trino,q1_1,memory.heap-headroom-per-node=20; node-scheduler.max-splits-per-node=200; query.max-memory=32; query.max-memory-per-node=18; query.max-total-memory-per-node=16; task.concurrency=48; task.max-worker-threads=24,5066.21,ssb-flat,1
iceberg,trino,q2_1,memory.heap-headroom-per-node=20; node-scheduler.max-splits-per-node=200; query.max-memory=32; query.max-memory-per-node=18; query.max-total-memory-per-node=16; task.concurrency=48; task.max-worker-threads=24,4959.61,ssb-flat,1
iceberg,trino,q2_2,memory.heap-headroom-per-node=20; node-scheduler.max-splits-per-node=200; query.max-memory=32; query.max-memory-per-node=18; query.max-total-memory-per-node=16; task.concurrency=48; task.max-worker-threads=24,6743.8,ssb-flat,1
iceberg,trino,q3_2,memory.heap-headroom-per-node=20; node-scheduler.max-splits-per-node=200; query.max-memory=32; query.max-memory-per-node=18; query.max-total-memory-per-node=16; task.concurrency=48; task.max-worker-threads=24,1591.67,ssb-flat,1
iceberg,trino,q2_1,memory.heap-headroom-per-node=20; node-scheduler.max-splits-per-node=200; query.max-memory=32; query.max-memory-per-node=16; query.max-total-memory-per-node=20; task.concurrency=24; task.max-worker-threads=24,3297.66,ssb-flat,1
iceberg,trino,q2_3,memory.heap-headroom-per-node=20; node-scheduler.max-splits-per-node=200; query.max-memory=32; query.max-memory-per-node=16; query.max-total-memory-per-node=20; task.concurrency=24; task.max-worker-threads=24,4799.89,ssb-flat,1
iceberg,trino,q3_1,memory.heap-headroom-per-node=20; node-scheduler.max-splits-per-node=200; query.max-memory=32; query.max-memory-per-node=16; query.max-total-memory-per-node=20; task.concurrency=24; task.max-worker-threads=24,5292.5,ssb-flat,1
iceberg,trino,q3_2,memory.heap-headroom-per-node=20; node-scheduler.max-splits-per-node=200; query.max-memory=32; query.max-memory-per-node=16; query.max-total-memory-per-node=20; task.concurrency=24; task.max-worker-threads=24,3566.76,ssb-flat,1
iceberg,trino,q4_1,memory.heap-headroom-per-node=20; node-scheduler.max-splits-per-node=200; query.max-memory=32; query.max-memory-per-node=16; query.max-total-memory-per-node=20; task.concurrency=24; task.max-worker-threads=24,6199.15,ssb-flat,1
iceberg,trino,q2_1,memory.heap-headroom-per-node=18; node-scheduler.max-splits-per-node=200; query.max-memory=20; query.max-memory-per-node=20; query.max-total-memory-per-node=20; task.concurrency=24; task.max-worker-threads=32,4065.62,ssb-flat,1
iceberg,trino,q2_2,memory.heap-headroom-per-node=18; node-scheduler.max-splits-per-node=200; query.max-memory=20; query.max-memory-per-node=20; query.max-total-memory-per-node=20; task.concurrency=24; task.max-worker-threads=32,6938.08,ssb-flat,1
iceberg,trino,q2_3,memory.heap-headroom-per-node=18; node-scheduler.max-splits-per-node=200; query.max-memory=20; query.max-memory-per-node=20; query.max-total-memory-per-node=20; task.concurrency=24; task.max-worker-threads=32,1559.24,ssb-flat,1
iceberg,trino,q3_1,memory.heap-headroom-per-node=18; node-scheduler.max-splits-per-node=200; query.max-memory=20; query.max-memory-per-node=20; query.max-total-memory-per-node=20; task.concurrency=24; task.max-worker-threads=32,2771.31,ssb-flat,1
iceberg,trino,q3_2,memory.heap-headroom-per-node=18; node-scheduler.max-splits-per-node=200; query.max-memory=20; query.max-memory-per-node=20; query.max-total-memory-per-node=20; task.concurrency=24; task.max-worker-threads=32,5614.09,ssb-flat,1
iceberg,trino,q4_1,memory.heap-headroom-per-node=18; node-scheduler.max-splits-per-node=200; query.max-memory=20; query.max-memory-per-node=20; query.max-total-memory-per-node=20; task.concurrency=24; task.max-worker-threads=32,6172.34,ssb-flat,1
iceberg,trino,q1_1,memory.heap-headroom-per-node=14; node-scheduler.max-splits-per-node=200; query.max-memory=28; query.max-memory-per-node=16; query.max-total-memory-per-node=16; task.concurrency=32; task.max-worker-threads=24,3765.83,ssb-flat,1
iceberg,trino,q2_2,memory.heap-headroom-per-node=14; node-scheduler.max-splits-per-node=200; query.max-memory=28; query.max-memory-per-node=16; query.max-total-memory-per-node=16; task.concurrency=32; task.max-worker-threads=24,5239.05,ssb-flat,1
iceberg,trino,q2_3,memory.heap-headroom-per-node=14; node-scheduler.max-splits-per-node=200; query.max-memory=28; query.max-memory-per-node=16; query.max-total-memory-per-node=16; task.concurrency=32; task.max-worker-threads=24,5567.37,ssb-flat,1
iceberg,trino,q3_1,memory.heap-headroom-per-node=14; node-scheduler.max-splits-per-node=200; query.max-memory=28; query.max-memory-per-node=16; query.max-total-memory-per-node=16; task.concurrency=32; task.max-worker-threads=24,4683.39,ssb-flat,1
iceberg,trino,q3_2,memory.heap-headroom-per-node=14; node-scheduler.max-splits-per-node=200; query.max-memory=28; query.max-memory-per-node=16; query.max-total-memory-per-node=16; task.concurrency=32; task.max-worker-threads=24,5799.95,ssb-flat,1
iceberg,trino,q4_1,memory.heap-headroom-per-node=14; node-scheduler.max-splits-per-node=200; query.max-memory=28; query.max-memory-per-node=16; query.max-total-memory-per-node=16; task.concurrency=32; task.max-worker-threads=24,5734.75,ssb-flat,1
iceberg,trino,q2_1,memory.heap-headroom-per-node=16; node-scheduler.max-splits-per-node=100; query.max-memory=20; query.max-memory-per-node=18; query.max-total-memory-per-node=20; task.concurrency=48; task.max-worker-threads=48,2807.18,ssb-flat,1
iceberg,trino,q2_3,memory.heap-headroom-per-node=16; node-scheduler.max-splits-per-node=100; query.max-memory=20; query.max-memory-per-node=18; query.max-total-memory-per-node=20; task.concurrency=48; task.max-worker-threads=48,3486.37,ssb-flat,1
iceberg,trino,q3_1,memory.heap-headroom-per-node=16; node-scheduler.max-splits-per-node=100; query.max-memory=20; query.max-memory-per-node=18; query.max-total-memory-per-node=20; task.concurrency=48; task.max-worker-threads=48,2212.32,ssb-flat,1
iceberg,trino,q3_2,memory.heap-headroom-per-node=16; node-scheduler.max-splits-per-node=100; query.max-memory=20; query.max-memory-per-node=18; query.max-total-memory-per-node=20; task.concurrency=48; task.max-worker-threads=48,1779.93,ssb-flat,1
iceberg,trino,q4_1,memory.heap-headroom-per-node=16; node-scheduler.max-splits-per-node=100; query.max-memory=20; query.max-memory-per-node=18; query.max-total-memory-per-node=20; task.concurrency=48; task.max-worker-threads=48,2067.01,ssb-flat,1
iceberg,trino,q1_1,memory.heap-headroom-per-node=20; node-scheduler.max-splits-per-node=200; query.max-memory=16; query.max-memory-per-node=20; query.max-total-memory-per-node=20; task.concurrency=48; task.max-worker-threads=32,7301.74,ssb-flat,1
iceberg,trino,q2_2,memory.heap-headroom-per-node=20; node-scheduler.max-splits-per-node=200; query.max-memory=16; query.max-memory-per-node=20; query.max-total-memory-per-node=20; task.concurrency=48; task.max-worker-threads=32,6743.3,ssb-flat,1
iceberg,trino,q2_3,memory.heap-headroom-per-node=20; node-scheduler.max-splits-per-node=200; query.max-memory=16; query.max-memory-per-node=20; query.max-total-memory-per-node=20; task.concurrency=48; task.max-worker-threads=32,5422.55,ssb-flat,1
iceberg,trino,q3_1,memory.heap-headroom-per-node=20; node-scheduler.max-splits-per-node=200; query.max-memory=16; query.max-memory-per-node=20; query.max-total-memory-per-node=20; task.concurrency=48; task.max-worker-threads=32,5765.25,ssb-flat,1
iceberg,trino,q3_2,memory.heap-headroom-per-node=20; node-scheduler.max-splits-per-node=200; query.max-memory=16; query.max-memory-per-node=20; query.max-total-memory-per-node=20; task.concurrency=48; task.max-worker-threads=32,5471.5,ssb-flat,1
iceberg,trino,q4_1,memory.heap-headroom-per-node=20; node-scheduler.max-splits-per-node=200; query.max-memory=16; query.max-memory-per-node=20; query.max-total-memory-per-node=20; task.concurrency=48; task.max-worker-threads=32,5822.04,ssb-flat,1
iceberg,trino,q2_1,memory.heap-headroom-per-node=20; node-scheduler.max-splits-per-node=100; query.max-memory=28; query.max-memory-per-node=14; query.max-total-memory-per-node=16; task.concurrency=24; task.max-worker-threads=48,1766.58,ssb-flat,1
iceberg,trino,q2_3,memory.heap-headroom-per-node=20; node-scheduler.max-splits-per-node=100; query.max-memory=28; query.max-memory-per-node=14; query.max-total-memory-per-node=16; task.concurrency=24; task.max-worker-threads=48,5738.11,ssb-flat,1
iceberg,trino,q3_1,memory.heap-headroom-per-node=20; node-scheduler.max-splits-per-node=100; query.max-memory=28; query.max-memory-per-node=14; query.max-total-memory-per-node=16; task.concurrency=24; task.max-worker-threads=48,2561.74,ssb-flat,1
iceberg,trino,q3_2,memory.heap-headroom-per-node=20; node-scheduler.max-splits-per-node=100; query.max-memory=28; query.max-memory-per-node=14; query.max-total-memory-per-node=16; task.concurrency=24; task.max-worker-threads=48,2899.54,ssb-flat,1
iceberg,trino,q4_1,memory.heap-headroom-per-node=20; node-scheduler.max-splits-per-node=100; query.max-memory=28; query.max-memory-per-node=14; query.max-total-memory-per-node=16; task.concurrency=24; task.max-worker-threads=48,3137.64,ssb-flat,1
iceberg,trino,q1_1,memory.heap-headroom-per-node=16; node-scheduler.max-splits-per-node=200; query.max-memory=32; query.max-memory-per-node=16; query.max-total-memory-per-node=16; task.concurrency=48; task.max-worker-threads=48,3816.21,ssb-flat,1
iceberg,trino,q2_1,memory.heap-headroom-per-node=16; node-scheduler.max-splits-per-node=200; query.max-memory=32; query.max-memory-per-node=16; query.max-total-memory-per-node=16; task.concurrency=48; task.max-worker-threads=48,1730.56,ssb-flat,1
iceberg,trino,q2_2,memory.heap-headroom-per-node=16; node-scheduler.max-splits-per-node=200; query.max-memory=32; query.max-memory-per-node=16; query.max-total-memory-per-node=16; task.concurrency=48; task.max-worker-threads=48,5529.61,ssb-flat,1
iceberg,trino,q2_3,memory.heap-headroom-per-node=16; node-scheduler.max-splits-per-node=200; query.max-memory=32; query.max-memory-per-node=16; query.max-total-memory-per-node=16; task.concurrency=48; task.max-worker-threads=48,3529.11,ssb-flat,1
iceberg,trino,q3_1,memory.heap-headroom-per-node=16; node-scheduler.max-splits-per-node=200; query.max-memory=32; query.max-memory-per-node=16; query.max-total-memory-per-node=16; task.concurrency=48; task.max-worker-threads=48,2492.01,ssb-flat,1
iceberg,trino,q3_2,memory.heap-headroom-per-node=16; node-scheduler.max-splits-per-node=200; query.max-memory=32; query.max-memory-per-node=16; query.max-total-memory-per-node=16; task.concurrency=48; task.max-worker-threads=48,4170.22,ssb-flat,1
iceberg,trino,q4_1,memory.heap-headroom-per-node=16; node-scheduler.max-splits-per-node=200; query.max-memory=32; query.max-memory-per-node=16; query.max-total-memory-per-node=16; task.concurrency=48; task.max-worker-threads=48,3564.33,ssb-flat,1
iceberg,trino,q2_1,memory.heap-headroom-per-node=14; node-scheduler.max-splits-per-node=200; query.max-memory=32; query.max-memory-per-node=16; query.max-total-memory-per-node=14; task.concurrency=32; task.max-worker-threads=16,7612.35,ssb-flat,1
iceberg,trino,q2_2,memory.heap-headroom-per-node=14; node-scheduler.max-splits-per-node=200; query.max-memory=32; query.max-memory-per-node=16; query.max-total-memory-per-node=14; task.concurrency=32; task.max-worker-threads=16,6217.61,ssb-flat,1
iceberg,trino,q3_2,memory.heap-headroom-per-node=14; node-scheduler.max-splits-per-node=200; query.max-memory=32; query.max-memory-per-node=16; query.max-total-memory-per-node=14; task.concurrency=32; task.max-worker-threads=16,1583.2,ssb-flat,1
iceberg,trino,q2_1,memory.heap-headroom-per-node=16; node-scheduler.max-splits-per-node=100; query.max-memory=20; query.max-memory-per-node=14; query.max-total-memory-per-node=16; task.concurrency=24; task.max-worker-threads=32,7969.18,ssb-flat,1
iceberg,trino,q3_1,memory.heap-headroom-per-node=16; node-scheduler.max-splits-per-node=100; query.max-memory=20; query.max-memory-per-node=14; query.max-total-memory-per-node=16; task.concurrency=24; task.max-worker-threads=32,4926.59,ssb-flat,1
iceberg,trino,q4_1,memory.heap-headroom-per-node=16; node-scheduler.max-splits-per-node=100; query.max-memory=20; query.max-memory-per-node=14; query.max-total-memory-per-node=16; task.concurrency=24; task.max-worker-threads=32,3933.44,ssb-flat,1
iceberg,trino,q1_1,memory.heap-headroom-per-node=18; node-scheduler.max-splits-per-node=100; query.max-memory=28; query.max-memory-per-node=16; query.max-total-memory-per-node=14; task.concurrency=32; task.max-worker-threads=32,7357.03,ssb-flat,1
iceberg,trino,q2_1,memory.heap-headroom-per-node=18; node-scheduler.max-splits-per-node=100; query.max-memory=28; query.max-memory-per-node=16; query.max-total-memory-per-node=14; task.concurrency=32; task.max-worker-threads=32,3155.03,ssb-flat,1
iceberg,trino,q2_2,memory.heap-headroom-per-node=18; node-scheduler.max-splits-per-node=100; query.max-memory=28; query.max-memory-per-node=16; query.max-total-memory-per-node=14; task.concurrency=32; task.max-worker-threads=32,6967.97,ssb-flat,1
iceberg,trino,q2_1,memory.heap-headroom-per-node=16; node-scheduler.max-splits-per-node=200; query.max-memory=20; query.max-memory-per-node=18; query.max-total-memory-per-node=16; task.concurrency=32; task.max-worker-threads=16,8484.35,ssb-flat,1
iceberg,trino,q2_2,memory.heap-headroom-per-node=16; node-scheduler.max-splits-per-node=200; query.max-memory=20; query.max-memory-per-node=18; query.max-total-memory-per-node=16; task.concurrency=32; task.max-worker-threads=16,2461.62,ssb-flat,1
iceberg,trino,q3_1,memory.heap-headroom-per-node=16; node-scheduler.max-splits-per-node=200; query.max-memory=20; query.max-memory-per-node=18; query.max-total-memory-per-node=16; task.concurrency=32; task.max-worker-threads=16,5689.68,ssb-flat,1
iceberg,trino,q3_2,memory.heap-headroom-per-node=16; node-scheduler.max-splits-per-node=200; query.max-memory=20; query.max-memory-per-node=18; query.max-total-memory-per-node=16; task.concurrency=32; task.max-worker-threads=16,4776.92,ssb-flat,1
iceberg,trino,q4_1,memory.heap-headroom-per-node=16; node-scheduler.max-splits-per-node=200; query.max-memory=20; query.max-memory-per-node=18; query.max-total-memory-per-node=16; task.concurrency=32; task.max-worker-threads=16,5804.25,ssb-flat,1
iceberg,trino,q1_1,memory.heap-headroom-per-node=14; node-scheduler.max-splits-per-node=150; query.max-memory=16; query.max-memory-per-node=18; query.max-total-memory-per-node=20; task.concurrency=48; task.max-worker-threads=16,1759.43,ssb-flat,1
iceberg,trino,q2_1,memory.heap-headroom-per-node=14; node-scheduler.max-splits-per-node=150; query.max-memory=16; query.max-memory-per-node=18; query.max-total-memory-per-node=20; task.concurrency=48; task.max-worker-threads=16,1825.03,ssb-flat,1
iceberg,trino,q2_2,memory.heap-headroom-per-node=14; node-scheduler.max-splits-per-node=150; query.max-memory=16; query.max-memory-per-node=18; query.max-total-memory-per-node=20; task.concurrency=48; task.max-worker-threads=16,2104.48,ssb-flat,1
iceberg,trino,q2_3,memory.heap-headroom-per-node=14; node-scheduler.max-splits-per-node=150; query.max-memory=16; query.max-memory-per-node=18; query.max-total-memory-per-node=20; task.concurrency=48; task.max-worker-threads=16,3885.52,ssb-flat,1
iceberg,trino,q3_1,memory.heap-headroom-per-node=14; node-scheduler.max-splits-per-node=150; query.max-memory=16; query.max-memory-per-node=18; query.max-total-memory-per-node=20; task.concurrency=48; task.max-worker-threads=16,1742.48,ssb-flat,1
iceberg,trino,q3_2,memory.heap-headroom-per-node=14; node-scheduler.max-splits-per-node=150; query.max-memory=16; query.max-memory-per-node=18; query.max-total-memory-per-node=20; task.concurrency=48; task.max-worker-threads=16,2340.29,ssb-flat,1
iceberg,trino,q4_1,memory.heap-headroom-per-node=14; node-scheduler.max-splits-per-node=150; query.max-memory=16; query.max-memory-per-node=18; query.max-total-memory-per-node=20; task.concurrency=48; task.max-worker-threads=16,1904.55,ssb-flat,1
iceberg,trino,q2_1,memory.heap-headroom-per-node=14; node-scheduler.max-splits-per-node=100; query.max-memory=28; query.max-memory-per-node=20; query.max-total-memory-per-node=16; task.concurrency=48; task.max-worker-threads=48,3524.76,ssb-flat,1
iceberg,trino,q2_3,memory.heap-headroom-per-node=14; node-scheduler.max-splits-per-node=100; query.max-memory=28; query.max-memory-per-node=20; query.max-total-memory-per-node=16; task.concurrency=48; task.max-worker-threads=48,3758.4,ssb-flat,1
iceberg,trino,q3_1,memory.heap-headroom-per-node=14; node-scheduler.max-splits-per-node=100; query.max-memory=28; query.max-memory-per-node=20; query.max-total-memory-per-node=16; task.concurrency=48; task.max-worker-threads=48,5966.51,ssb-flat,1
iceberg,trino,q3_2,memory.heap-headroom-per-node=14; node-scheduler.max-splits-per-node=100; query.max-memory=28; query.max-memory-per-node=20; query.max-total-memory-per-node=16; task.concurrency=48; task.max-worker-threads=48,4028.15,ssb-flat,1
iceberg,trino,q4_1,memory.heap-headroom-per-node=14; node-scheduler.max-splits-per-node=100; query.max-memory=28; query.max-memory-per-node=20; query.max-total-memory-per-node=16; task.concurrency=48; task.max-worker-threads=48,6163.45,ssb-flat,1
iceberg,trino,q3_1,memory.heap-headroom-per-node=16; node-scheduler.max-splits-per-node=100; query.max-memory=20; query.max-memory-per-node=18; query.max-total-memory-per-node=20; task.concurrency=48; task.max-worker-threads=48,1576.23,ssb-flat,1
iceberg,trino,q3_1,memory.heap-headroom-per-node=14; node-scheduler.max-splits-per-node=200; query.max-memory=28; query.max-memory-per-node=16; query.max-total-memory-per-node=16; task.concurrency=32; task.max-worker-threads=24,1551.88,ssb-flat,1
iceberg,trino,q3_1,memory.heap-headroom-per-node=18; node-scheduler.max-splits-per-node=200; query.max-memory=20; query.max-memory-per-node=20; query.max-total-memory-per-node=20; task.concurrency=24; task.max-worker-threads=32,4302.55,ssb-flat,1
iceberg,trino,q3_1,memory.heap-headroom-per-node=14; node-scheduler.max-splits-per-node=200; query.max-memory=32; query.max-memory-per-node=16; query.max-total-memory-per-node=14; task.concurrency=32; task.max-worker-threads=16,5695.84,ssb-flat,1
iceberg,trino,q3_1,memory.heap-headroom-per-node=16; node-scheduler.max-splits-per-node=200; query.max-memory=20; query.max-memory-per-node=18; query.max-total-memory-per-node=16; task.concurrency=32; task.max-worker-threads=16,5087.07,ssb-flat,1
iceberg,trino,q3_1,memory.heap-headroom-per-node=18; node-scheduler.max-splits-per-node=100; query.max-memory=28; query.max-memory-per-node=16; query.max-total-memory-per-node=14; task.concurrency=32; task.max-worker-threads=32,6086.57,ssb-flat,1
iceberg,trino,q3_1,memory.heap-headroom-per-node=16; node-scheduler.max-splits-per-node=200; query.max-memory=32; query.max-memory-per-node=16; query.max-total-memory-per-node=16; task.concurrency=48; task.max-worker-threads=48,5752.16,ssb-flat,1
iceberg,trino,q4_1,memory.heap-headroom-per-node=14; node-scheduler.max-splits-per-node=100; query.max-memory=28; query.max-memory-per-node=20; query.max-total-memory-per-node=16; task.concurrency=48; task.max-worker-threads=48,2147.56,ssb-flat,1
iceberg,trino,q4_1,memory.heap-headroom-per-node=14; node-scheduler.max-splits-per-node=200; query.max-memory=28; query.max-memory-per-node=16; query.max-total-memory-per-node=16; task.concurrency=32; task.max-worker-threads=24,1972.07,ssb-flat,1
iceberg,trino,q4_1,memory.heap-headroom-per-node=18; node-scheduler.max-splits-per-node=100; query.max-memory=28; query.max-memory-per-node=16; query.max-total-memory-per-node=14; task.concurrency=32; task.max-worker-threads=32,2505.20,ssb-flat,1
iceberg,trino,q4_1,memory.heap-headroom-per-node=20; node-scheduler.max-splits-per-node=200; query.max-memory=32; query.max-memory-per-node=18; query.max-total-memory-per-node=16; task.concurrency=48; task.max-worker-threads=24,3580.28,ssb-flat,1
iceberg,trino,q4_1,memory.heap-headroom-per-node=16; node-scheduler.max-splits-per-node=200; query.max-memory=20; query.max-memory-per-node=18; query.max-total-memory-per-node=16; task.concurrency=32; task.max-worker-threads=16,6378.12,ssb-flat,1
iceberg,trino,q1_1,memory.heap-headroom-per-node=18; node-scheduler.max-splits-per-node=256; query.max-memory=32; query.max-memory-per-node=18; query.max-total-memory-per-node=14; task.concurrency=16; task.max-worker-threads=32,3132.00,ssb-flat,1
iceberg,trino,q1_1,memory.heap-headroom-per-node=16; node-scheduler.max-splits-per-node=200; query.max-memory=20; query.max-memory-per-node=18; query.max-total-memory-per-node=16; task.concurrency=32; task.max-worker-threads=16,2350.97,ssb-flat,1
iceberg,trino,q1_1,memory.heap-headroom-per-node=14; node-scheduler.max-splits-per-node=200; query.max-memory=28; query.max-memory-per-node=16; query.max-total-memory-per-node=16; task.concurrency=32; task.max-worker-threads=24,5866.64,ssb-flat,1
iceberg,trino,q1_1,memory.heap-headroom-per-node=16; node-scheduler.max-splits-per-node=100; query.max-memory=20; query.max-memory-per-node=14; query.max-total-memory-per-node=16; task.concurrency=24; task.max-worker-threads=32,6130.95,ssb-flat,1
iceberg,trino,q1_1,memory.heap-headroom-per-node=14; node-scheduler.max-splits-per-node=100; query.max-memory=28; query.max-memory-per-node=20; query.max-total-memory-per-node=16; task.concurrency=48; task.max-worker-threads=48,5394.23,ssb-flat,1
iceberg,trino,q3_2,memory.heap-headroom-per-node=16; node-scheduler.max-splits-per-node=200; query.max-memory=32; query.max-memory-per-node=16; query.max-total-memory-per-node=16; task.concurrency=48; task.max-worker-threads=48,1805.54,ssb-flat,1
iceberg,trino,q3_2,memory.heap-headroom-per-node=14; node-scheduler.max-splits-per-node=200; query.max-memory=32; query.max-memory-per-node=16; query.max-total-memory-per-node=14; task.concurrency=32; task.max-worker-threads=16,2505.12,ssb-flat,1
iceberg,trino,q3_2,memory.heap-headroom-per-node=18; node-scheduler.max-splits-per-node=200; query.max-memory=20; query.max-memory-per-node=20; query.max-total-memory-per-node=20; task.concurrency=24; task.max-worker-threads=32,6009.14,ssb-flat,1
iceberg,trino,q3_2,memory.heap-headroom-per-node=14; node-scheduler.max-splits-per-node=150; query.max-memory=16; query.max-memory-per-node=18; query.max-total-memory-per-node=20; task.concurrency=48; task.max-worker-threads=16,6047.05,ssb-flat,1
iceberg,trino,q3_2,memory.heap-headroom-per-node=18; node-scheduler.max-splits-per-node=100; query.max-memory=28; query.max-memory-per-node=16; query.max-total-memory-per-node=14; task.concurrency=32; task.max-worker-threads=32,5570.62,ssb-flat,1
iceberg,trino,q3_2,memory.heap-headroom-per-node=16; node-scheduler.max-splits-per-node=200; query.max-memory=20; query.max-memory-per-node=18; query.max-total-memory-per-node=16; task.concurrency=32; task.max-worker-threads=16,6172.56,ssb-flat,1
iceberg,trino,q3_2,memory.heap-headroom-per-node=14; node-scheduler.max-splits-per-node=200; query.max-memory=28; query.max-memory-per-node=16; query.max-total-memory-per-node=16; task.concurrency=32; task.max-worker-threads=24,7346.97,ssb-flat,1
iceberg,trino,q2_2,memory.heap-headroom-per-node=14; node-scheduler.max-splits-per-node=200; query.max-memory=28; query.max-memory-per-node=16; query.max-total-memory-per-node=16; task.concurrency=32; task.max-worker-threads=24,2122.22,ssb-flat,1
iceberg,trino,q2_2,memory.heap-headroom-per-node=16; node-scheduler.max-splits-per-node=200; query.max-memory=20; query.max-memory-per-node=18; query.max-total-memory-per-node=16; task.concurrency=32; task.max-worker-threads=16,4389.65,ssb-flat,1
iceberg,trino,q2_2,memory.heap-headroom-per-node=14; node-scheduler.max-splits-per-node=200; query.max-memory=32; query.max-memory-per-node=16; query.max-total-memory-per-node=14; task.concurrency=32; task.max-worker-threads=16,5353.89,ssb-flat,1
iceberg,trino,q2_2,memory.heap-headroom-per-node=16; node-scheduler.max-splits-per-node=200; query.max-memory=32; query.max-memory-per-node=16; query.max-total-memory-per-node=16; task.concurrency=48; task.max-worker-threads=48,6518.39,ssb-flat,1
iceberg,trino,q2_2,memory.heap-headroom-per-node=18; node-scheduler.max-splits-per-node=100; query.max-memory=28; query.max-memory-per-node=16; query.max-total-memory-per-node=14; task.concurrency=32; task.max-worker-threads=32,5692.04,ssb-flat,1
iceberg,trino,q2_2,memory.heap-headroom-per-node=18; node-scheduler.max-splits-per-node=200; query.max-memory=20; query.max-memory-per-node=20; query.max-total-memory-per-node=20; task.concurrency=24; task.max-worker-threads=32,7186.85,ssb-flat,1
iceberg,trino,q4_2,memory.heap-headroom-per-node=20; node-scheduler.max-splits-per-node=100; query.max-memory=28; query.max-memory-per-node=14; query.max-total-memory-per-node=16; task.concurrency=24; task.max-worker-threads=48,5255.98,ssb-flat,1
iceberg,trino,q4_2,memory.heap-headroom-per-node=16; node-scheduler.max-splits-per-node=100; query.max-memory=20; query.max-memory-per-node=14; query.max-total-memory-per-node=16; task.concurrency=24; task.max-worker-threads=32,8409.92,ssb-flat,1
iceberg,trino,q4_2,memory.heap-headroom-per-node=20; node-scheduler.max-splits-per-node=200; query.max-memory=16; query.max-memory-per-node=20; query.max-total-memory-per-node=20; task.concurrency=48; task.max-worker-threads=32,6086.66,ssb-flat,1
iceberg,trino,q4_2,memory.heap-headroom-per-node=20; node-scheduler.max-splits-per-node=200; query.max-memory=32; query.max-memory-per-node=18; query.max-total-memory-per-node=16; task.concurrency=48; task.max-worker-threads=24,7059.18,ssb-flat,1
iceberg,trino,q3_4,memory.heap-headroom-per-node=16; node-scheduler.max-splits-per-node=200; query.max-memory=32; query.max-memory-per-node=16; query.max-total-memory-per-node=16; task.concurrency=48; task.max-worker-threads=48,1675.15,ssb-flat,1
iceberg,trino,q3_4,memory.heap-headroom-per-node=14; node-scheduler.max-splits-per-node=200; query.max-memory=28; query.max-memory-per-node=16; query.max-total-memory-per-node=16; task.concurrency=32; task.max-worker-threads=24,2295.80,ssb-flat,1
iceberg,trino,q3_4,memory.heap-headroom-per-node=16; node-scheduler.max-splits-per-node=100; query.max-memory=20; query.max-memory-per-node=18; query.max-total-memory-per-node=20; task.concurrency=48; task.max-worker-threads=48,3000.16,ssb-flat,1
iceberg,trino,q3_4,memory.heap-headroom-per-node=16; node-scheduler.max-splits-per-node=100; query.max-memory=20; query.max-memory-per-node=14; query.max-total-memory-per-node=16; task.concurrency=24; task.max-worker-threads=32,5487.81,ssb-flat,1
iceberg,trino,q3_4,memory.heap-headroom-per-node=14; node-scheduler.max-splits-per-node=100; query.max-memory=28; query.max-memory-per-node=20; query.max-total-memory-per-node=16; task.concurrency=48; task.max-worker-threads=48,7371.03,ssb-flat,1
iceberg,trino,q3_4,memory.heap-headroom-per-node=16; node-scheduler.max-splits-per-node=200; query.max-memory=20; query.max-memory-per-node=18; query.max-total-memory-per-node=16; task.concurrency=32; task.max-worker-threads=16,8186.99,ssb-flat,1
iceberg,trino,q3_3,memory.heap-headroom-per-node=14; node-scheduler.max-splits-per-node=100; query.max-memory=28; query.max-memory-per-node=20; query.max-total-memory-per-node=16; task.concurrency=48; task.max-worker-threads=48,2765.16,ssb-flat,1
iceberg,trino,q3_3,memory.heap-headroom-per-node=18; node-scheduler.max-splits-per-node=256; query.max-memory=32; query.max-memory-per-node=18; query.max-total-memory-per-node=14; task.concurrency=16; task.max-worker-threads=32,3550.22,ssb-flat,1
iceberg,trino,q3_3,memory.heap-headroom-per-node=16; node-scheduler.max-splits-per-node=100; query.max-memory=20; query.max-memory-per-node=18; query.max-total-memory-per-node=20; task.concurrency=48; task.max-worker-threads=48,3729.46,ssb-flat,1
iceberg,trino,q3_3,memory.heap-headroom-per-node=16; node-scheduler.max-splits-per-node=100; query.max-memory=20; query.max-memory-per-node=14; query.max-total-memory-per-node=16; task.concurrency=24; task.max-worker-threads=32,6051.71,ssb-flat,1
iceberg,trino,q3_3,memory.heap-headroom-per-node=20; node-scheduler.max-splits-per-node=200; query.max-memory=16; query.max-memory-per-node=20; query.max-total-memory-per-node=20; task.concurrency=48; task.max-worker-threads=32,6320.86,ssb-flat,1
iceberg,trino,q4_3,memory.heap-headroom-per-node=18; node-scheduler.max-splits-per-node=256; query.max-memory=32; query.max-memory-per-node=18; query.max-total-memory-per-node=14; task.concurrency=16; task.max-worker-threads=32,3229.17,ssb-flat,1
iceberg,trino,q4_3,memory.heap-headroom-per-node=14; node-scheduler.max-splits-per-node=200; query.max-memory=32; query.max-memory-per-node=16; query.max-total-memory-per-node=14; task.concurrency=32; task.max-worker-threads=16,3648.26,ssb-flat,1
iceberg,trino,q4_3,memory.heap-headroom-per-node=18; node-scheduler.max-splits-per-node=200; query.max-memory=20; query.max-memory-per-node=20; query.max-total-memory-per-node=20; task.concurrency=24; task.max-worker-threads=32,4193.21,ssb-flat,1
iceberg,trino,q4_3,memory.heap-headroom-per-node=16; node-scheduler.max-splits-per-node=100; query.max-memory=20; query.max-memory-per-node=18; query.max-total-memory-per-node=20; task.concurrency=48; task.max-worker-threads=48,5882.06,ssb-flat,1
iceberg,trino,q4_3,memory.heap-headroom-per-node=16; node-scheduler.max-splits-per-node=200; query.max-memory=32; query.max-memory-per-node=16; query.max-total-memory-per-node=16; task.concurrency=48; task.max-worker-threads=48,5561.29,ssb-flat,1
iceberg,trino,q4_3,memory.heap-headroom-per-node=14; node-scheduler.max-splits-per-node=150; query.max-memory=16; query.max-memory-per-node=18; query.max-total-memory-per-node=20; task.concurrency=48; task.max-worker-threads=16,7324.78,ssb-flat,1
iceberg,trino,q4_3,memory.heap-headroom-per-node=20; node-scheduler.max-splits-per-node=200; query.max-memory=32; query.max-memory-per-node=16; query.max-total-memory-per-node=20; task.concurrency=24; task.max-worker-threads=24,8335.69,ssb-flat,1
iceberg,trino,q4_3,memory.heap-headroom-per-node=20; node-scheduler.max-splits-per-node=100; query.max-memory=28; query.max-memory-per-node=14; query.max-total-memory-per-node=16; task.concurrency=24; task.max-worker-threads=48,6950.19,ssb-flat,1
iceberg,trino,q4_3,memory.heap-headroom-per-node=20; node-scheduler.max-splits-per-node=200; query.max-memory=16; query.max-memory-per-node=20; query.max-total-memory-per-node=20; task.concurrency=48; task.max-worker-threads=32,7893.80,ssb-flat,1
iceberg,trino,q1_3,memory.heap-headroom-per-node=16; node-scheduler.max-splits-per-node=200; query.max-memory=20; query.max-memory-per-node=18; query.max-total-memory-per-node=16; task.concurrency=32; task.max-worker-threads=16,1521.67,ssb-flat,1
iceberg,trino,q1_3,memory.heap-headroom-per-node=20; node-scheduler.max-splits-per-node=200; query.max-memory=32; query.max-memory-per-node=18; query.max-total-memory-per-node=16; task.concurrency=48; task.max-worker-threads=24,1785.90,ssb-flat,1
iceberg,trino,q1_3,memory.heap-headroom-per-node=16; node-scheduler.max-splits-per-node=100; query.max-memory=20; query.max-memory-per-node=14; query.max-total-memory-per-node=16; task.concurrency=24; task.max-worker-threads=32,4878.23,ssb-flat,1
iceberg,trino,q1_2,memory.heap-headroom-per-node=20; node-scheduler.max-splits-per-node=200; query.max-memory=16; query.max-memory-per-node=20; query.max-total-memory-per-node=20; task.concurrency=48; task.max-worker-threads=32,1700.89,ssb-flat,1
iceberg,trino,q1_2,memory.heap-headroom-per-node=14; node-scheduler.max-splits-per-node=150; query.max-memory=16; query.max-memory-per-node=18; query.max-total-memory-per-node=20; task.concurrency=48; task.max-worker-threads=16,1620.16,ssb-flat,1
iceberg,trino,q1_2,memory.heap-headroom-per-node=20; node-scheduler.max-splits-per-node=200; query.max-memory=32; query.max-memory-per-node=18; query.max-total-memory-per-node=16; task.concurrency=48; task.max-worker-threads=24,1602.77,ssb-flat,1
iceberg,trino,q1_2,memory.heap-headroom-per-node=20; node-scheduler.max-splits-per-node=100; query.max-memory=28; query.max-memory-per-node=14; query.max-total-memory-per-node=16; task.concurrency=24; task.max-worker-threads=48,5730.06,ssb-flat,1
iceberg,trino,q2_3,memory.heap-headroom-per-node=16; node-scheduler.max-splits-per-node=200; query.max-memory=20; query.max-memory-per-node=18; query.max-total-memory-per-node=16; task.concurrency=32; task.max-worker-threads=16,2542.44,ssb-flat,1
iceberg,trino,q2_3,memory.heap-headroom-per-node=18; node-scheduler.max-splits-per-node=200; query.max-memory=20; query.max-memory-per-node=20; query.max-total-memory-per-node=20; task.concurrency=24; task.max-worker-threads=32,2715.58,ssb-flat,1
iceberg,trino,q2_3,memory.heap-headroom-per-node=14; node-scheduler.max-splits-per-node=200; query.max-memory=32; query.max-memory-per-node=16; query.max-total-memory-per-node=14; task.concurrency=32; task.max-worker-threads=16,2735.83,ssb-flat,1
iceberg,trino,q2_3,memory.heap-headroom-per-node=16; node-scheduler.max-splits-per-node=200; query.max-memory=32; query.max-memory-per-node=16; query.max-total-memory-per-node=16; task.concurrency=48; task.max-worker-threads=48,4061.29,ssb-flat,1
iceberg,trino,q2_1,memory.heap-headroom-per-node=14; node-scheduler.max-splits-per-node=100; query.max-memory=28; query.max-memory-per-node=20; query.max-total-memory-per-node=16; task.concurrency=48; task.max-worker-threads=48,1830.99,ssb-flat,1
iceberg,trino,q2_1,memory.heap-headroom-per-node=20; node-scheduler.max-splits-per-node=200; query.max-memory=32; query.max-memory-per-node=16; query.max-total-memory-per-node=20; task.concurrency=24; task.max-worker-threads=24,1806.92,ssb-flat,1
iceberg,trino,q2_1,memory.heap-headroom-per-node=14; node-scheduler.max-splits-per-node=200; query.max-memory=28; query.max-memory-per-node=16; query.max-total-memory-per-node=16; task.concurrency=32; task.max-worker-threads=24,2276.48,ssb-flat,1
iceberg,trino,q2_1,memory.heap-headroom-per-node=18; node-scheduler.max-splits-per-node=200; query.max-memory=20; query.max-memory-per-node=20; query.max-total-memory-per-node=20; task.concurrency=24; task.max-worker-threads=32,3182.47,ssb-flat,1
iceberg,trino,q2_1,memory.heap-headroom-per-node=14; node-scheduler.max-splits-per-node=200; query.max-memory=32; query.max-memory-per-node=16; query.max-total-memory-per-node=14; task.concurrency=32; task.max-worker-threads=16,3536.94,ssb-flat,1
iceberg,trino,q2_1,memory.heap-headroom-per-node=16; node-scheduler.max-splits-per-node=100; query.max-memory=20; query.max-memory-per-node=18; query.max-total-memory-per-node=20; task.concurrency=48; task.max-worker-threads=48,4601.30,ssb-flat,1
iceberg,trino,q2_1,memory.heap-headroom-per-node=16; node-scheduler.max-splits-per-node=200; query.max-memory=32; query.max-memory-per-node=16; query.max-total-memory-per-node=16; task.concurrency=48; task.max-worker-threads=48,4844.13,ssb-flat,1
